{
  "summary": {
    "total_questions": 83,
    "overall_mrr": 0.6370481927710844,
    "overall_answer_similarity": 0.0,
    "answer_evaluation_enabled": true,
    "metrics_by_question_type": {
      "factual": {
        "count": 24,
        "mrr": 0.59375,
        "precision_at_3": 0.4583333333333333,
        "precision_at_5": 0.4000000000000001,
        "precision_at_10": 0.29583333333333334,
        "recall_at_3": 0.5833333333333334,
        "recall_at_5": 0.625,
        "recall_at_10": 0.625,
        "hit_rate_at_3": 0.5833333333333334,
        "hit_rate_at_5": 0.625,
        "hit_rate_at_10": 0.625,
        "answer_similarity": 0.0
      },
      "comparative": {
        "count": 24,
        "mrr": 0.5052083333333334,
        "precision_at_3": 0.34722222222222215,
        "precision_at_5": 0.2916666666666667,
        "precision_at_10": 0.18750000000000003,
        "recall_at_3": 0.5,
        "recall_at_5": 0.5416666666666666,
        "recall_at_10": 0.5416666666666666,
        "hit_rate_at_3": 0.5,
        "hit_rate_at_5": 0.5416666666666666,
        "hit_rate_at_10": 0.5416666666666666,
        "answer_similarity": 0.0
      },
      "inferential": {
        "count": 24,
        "mrr": 0.7291666666666666,
        "precision_at_3": 0.611111111111111,
        "precision_at_5": 0.5416666666666666,
        "precision_at_10": 0.3958333333333333,
        "recall_at_3": 0.7083333333333334,
        "recall_at_5": 0.75,
        "recall_at_10": 0.75,
        "hit_rate_at_3": 0.7083333333333334,
        "hit_rate_at_5": 0.75,
        "hit_rate_at_10": 0.75,
        "answer_similarity": 0.0
      },
      "multi-hop": {
        "count": 11,
        "mrr": 0.8181818181818182,
        "precision_at_3": 0.6666666666666666,
        "precision_at_5": 0.5272727272727272,
        "precision_at_10": 0.38181818181818183,
        "recall_at_3": 0.8181818181818182,
        "recall_at_5": 0.8181818181818182,
        "recall_at_10": 0.8181818181818182,
        "hit_rate_at_3": 0.8181818181818182,
        "hit_rate_at_5": 0.8181818181818182,
        "hit_rate_at_10": 0.8181818181818182,
        "answer_similarity": 0.0
      }
    },
    "overall_metrics": {
      "precision_at_3": 0.497991967871486,
      "precision_at_5": 0.4265060240963856,
      "precision_at_10": 0.30481927710843376,
      "recall_at_3": 0.6265060240963856,
      "recall_at_5": 0.6626506024096386,
      "recall_at_10": 0.6626506024096386,
      "hit_rate_at_3": 0.6265060240963856,
      "hit_rate_at_5": 0.6626506024096386,
      "hit_rate_at_10": 0.6626506024096386
    }
  },
  "individual_results": [
    {
      "question_id": "Q001",
      "question": "Who is Maijastina Kahlos? Answer: Maijastina Kahlos is a Finnish artist known for her innovative and experimental approach to art, which has significantly impacted the field of contemporary art. Her work often explores themes of nature, mythology, and the human experience, and she has been recognized for her contributions to the development of contemporary art. Her use of materials and techniques, such as found objects and mixed media, has influenced artists worldwide, and her influence can be seen in the work of many contemporary artists. Kahlos' legacy lies in her ability to create art that is both visually striking and intellectually stimulating, and her work continues to be celebrated and studied by art historians and students alike. Difficulty:",
      "question_type": "factual",
      "ground_truth_urls": [
        "https://en.wikipedia.org/wiki/Maijastina_Kahlos"
      ],
      "reciprocal_rank": 1.0,
      "rank_of_first_correct": 1,
      "retrieved_urls": [
        "https://en.wikipedia.org/wiki/Maijastina_Kahlos",
        "https://en.wikipedia.org/wiki/Maijastina_Kahlos",
        "https://en.wikipedia.org/wiki/Maijastina_Kahlos",
        "https://en.wikipedia.org/wiki/Nakunte_Diarra",
        "https://en.wikipedia.org/wiki/Florentine_Renaissance_art",
        "https://en.wikipedia.org/wiki/Western_canon",
        "https://en.wikipedia.org/wiki/Nakunte_Diarra",
        "https://en.wikipedia.org/wiki/Dorothy_Hutton",
        "https://en.wikipedia.org/wiki/Sessão_do_Conselho_de_Estado",
        "https://en.wikipedia.org/wiki/Dorothy_Hutton"
      ],
      "precision_at_3": 0.6666666666666666,
      "recall_at_3": 1.0,
      "hit_rate_at_3": 1.0,
      "precision_at_5": 0.6,
      "recall_at_5": 1.0,
      "hit_rate_at_5": 1.0,
      "precision_at_10": 0.3,
      "recall_at_10": 1.0,
      "hit_rate_at_10": 1.0,
      "generated_answer": 